Area;Ano;Acanthodoras_spinosissimus;Acarichthys_heckelii;Acaronia_nassa;Acestrorhynchus_falcirostris;Acestrorhynchus_microlepis;Ageneiosus_cf._vittatus;Ageneiosus_dentatus;Ageneiosus_inermis;Ageneiosus_ucayalensis;Agoniates_halecinus;Amblydoras_affinis;Anadoras_weddellii;Anodus_elongatus;Anostomoides_laticeps;Argonectes_longiceps;Astrodoras_asterifrons;Auchenipterichthys_longimanus;Auchenipterus_nuchalis;Auchenipterus_osteomystax;Batrochoglanis_villosus;Biotodoma_cupido;Boulengerella_cuvieri;Boulengerella_lucius;Boulengerella_maculata;Brachyplatystoma_capapretum;Brycon_amazonicus;Bryconops_alburnoides;Caenotropus_labyrinthicus;Calophysus_macropterus;Catoprion_mento;Chalceus_epakros;Chalceus_spilogyros;Charax_gibbosus;Cichla_monoculus;Cichla_vazzoleri;Crenicichla_macrophthalma;Crenicichla_marmorata;Curimata_knerii;Curimata_ocellata;Curimata_roseni;Curimata_vittata;Curimatella_meyeri;Cynodon_gibbus;Cyphocharax_abramoides;Cyphocharax_festivus;Cyphocharax_nigripinnis;Dekeyseria_amazonica;Eigenmannia_virescens;Geophagus_altifrons;Goeldiella_eques;Gymnotus_carapo;Harttia_trombetensis;Hassar_orestis;Hemiodus_argenteus;Hemiodus_immaculatus;Hemiodus_unimaculatus;Heros_efasciatus;Hoplias_malabaricus;Hoplosternum_littorale;Hydrolycus_armatus;Hydrolycus_tatauaia;Hypophthalmus_edentatus;Hypophthalmus_fimbriatus;Hypophthalmus_marginatus;Hypoptopoma_elongatum;Hypostomus_carinatus;Ilisha_amazonica;Jurengraulis_juruensis;Laemolyta_proxima;Laemolyta_taeniata;Leiarius_marmoratus;Leporinus_agassizii;Leporinus_fasciatus;Leporinus_friderici;Loricariichthys_acutus;Loricariichthys_nudirostris;Lycengraulis_batesii;Lycengraulis_figueiredoi;Megalechis_picta;Megalodoras_uranoscopus;Mesonauta_festivus;Metynnis_argenteus;Metynnis_hypsauchen;Metynnis_maculatus;Micromischodus_sugillatus;Moenkhausia_copei;Myloplus_asterias;Myloplus_lobatus;Ossancora_asterophysa;Osteoglossum_bicirrhosum;Pachypops_fourcroi;Pachypops_trifilis;Peckoltia_braueri;Pellona_castelnaeana;Pellona_flavipinnis;Pimelodella_cristata;Pimelodus_albofasciatus;Pimelodus_ornatus;Pinirampus_pirinampu;Plagioscion_montei;Plagioscion_squamosissimus;Platynematichthys_notatus;Platystomatichthys_sturio;Poptella_compressa;Potamorhina_latior;Pristigaster_cayana;Pristobrycon_striolatus;Prochilodus_nigricans;Pseudanos_gracilis;Pseudoloricaria_laeviuscula;Pseudoplatystoma_punctifer;Pterodoras_granulosus;Pterygoplichthys_gibbiceps;Pygocentrus_nattereri;Pygopristis_denticulata;Reganella_depressa;Rhamphichthys_marmoratus;Rhamphichthys_rostratus;Rhaphiodon_vulpinus;Rineloricaria_formosa;Satanoperca_acuticeps;Satanoperca_jurupari;Satanoperca_lilith;Scorpiodoras_heckelli;Semaprochilodus_insignis;Semaprochilodus_taeniurus;Serrasalmus_altispinnis;Serrasalmus_eigenmanni;Serrasalmus_elongatus;Serrasalmus_gouldingi;Serrasalmus_manueli;Serrasalmus_rhombeus;Sorubim_lima;Steatogenys_elegans;Tatia_nigra;Tenellus_ternetzi;Tenellus_trimaculatus;Tetragonopterus_argenteus;Tetranematichthys_wallacei;Trachelyopterichthys_taeniatus;Trachelyopterus_coriaceus;Trachycorystes_trachycorystes;Trachydoras_brevis;Trachydoras_steindachneri;Triportheus_albus;Triportheus_auritus;Triportheus_rotundatus;Uaru_amphiacanthoides
Natural;1991;0;0.133129392;0;0;0.066564696;0;0;0;0.266258785;0;0;0;0;0;0.066564696;0.133129392;3.461364203;0;0;0;0;0;0;0;0;0;0;0;0;0;0.133129392;0;0;0.066564696;0.465952873;0;0;0;0;0.066564696;0.066564696;0;0;0;0.199694089;0;0;0;0;0;0;0;0;0.133129392;0;0.998470443;0;0.066564696;0;0.199694089;0;0;0;0;0;0.399388177;0;0;0.133129392;0.53251757;0;0;0.332823481;0.066564696;0;0;0;0;0;0;0;0;0;0;0;0.133129392;0;0;0.465952873;0;0;0;0;0.066564696;0.066564696;0.199694089;0;0;0.133129392;0;0.266258785;0;0;0;0;0;0;0;0;0.066564696;0.066564696;0;0;0;0;0;0;0;0;0;0;0;0;0;0;0;0;0.133129392;0;0;0;0;0;0;0;0;0;0;0;0;0;0;0;0;0;0;0;0
Natural;1992;0;0;0;0;0.193001428;0;0;0.386002856;0;0;0;0;0;0;0.193001428;0;6.562048548;0;0;0;0;0;0;0.386002856;0;0;0;0.386002856;0;0;0;0;0;0;0;0;0.579004284;0;0.193001428;0;0;0;0.193001428;0;0;0;0;0;1.351009995;0;0;0;0;1.544011423;0;6.948051404;0;0;0;0;0;0;0.386002856;0;0;0.193001428;3.088022846;0;0;0.386002856;0;0;2.70201999;0;0.193001428;0;0;0;0;0;0;0;0;0;0.386002856;0;0;0;0.193001428;0;0;0.193001428;0;0;0.193001428;0.579004284;0;0;0.579004284;0;0.386002856;0;0;0;0;0;0;0;0;0;0;0;0;0;0;0;0;0;0.579004284;0;0;0;0;0;0;0.193001428;0;0;0;0.193001428;0;0.772005712;0;0;0.579004284;0;0;0;0;0;0;0;0;0;0;0;0;0
Natural;1993;0;0;0;0;0;0;0;0;0.854715134;0;0;0;1.025658161;0;0.170943027;0.170943027;1.965844809;0.085471513;0;0;0;0;0;0;0;0;0;0;0;0;0;0;0;0;0.170943027;0;0;0;1.111129675;0.25641454;0;0;0;0;0;0;0;0;0;0;0;0;0;1.282072701;0;1.965844809;0;0;0;0;0;0;0.170943027;0;0;0;0.683772107;0;0;0;0;0;0.598300594;0;0;0;0;0;0;0;0;0;0;0.085471513;0.085471513;0;0;0.25641454;0;0;0;0;0;0;0.085471513;0;0;0;0.25641454;0;0.170943027;0;0;0;0;0;0;0;0;0;0;0;0;0;0;0;0;0;0.170943027;0;0.085471513;0;0;0;0;0.341886054;0;0;0;0;0;0.085471513;0;0;0;0;0;0;0;0;0;0.085471513;0;0;0;0;0;0
Natural;1998;0;0;0;0;0.096418202;0;0;0;0;0;0;0;0;0;0;0;0;0;0;0;0;0;0;0;0;0;0;0;0;0;0;0;0;0;0;0;0;0;0;0;0.096418202;0;0;0.578509212;0;0;0;0;0.192836404;0;0;0;0;0;0;0;0;0;0;0;0;0;0;0;0;0;0;0;0;0;0;0;0.771345616;0;0;0;0;0;0;0;0;0;0;0;0;0;0;0;0;0;0;0;0;0;0;0;0;0;0;0;0;0;0;0;0;0;0;0;0;0;0;0;0;0;0;0;0;0;0;0;0;0;0;0;0;0;0;0;0;0;0;0;0;0;0.192836404;0;0;0;0;0;0;0;0;0;0;0;0;0
Natural;1999;0;0;0;0;0.192836404;0.385672808;0;0;0.48209101;0;0;0;0;0;0;0.096418202;2.121200445;0;0;0;0;0;0;0;0;0;0.096418202;0.096418202;0;0;0;0;0;0;0;0;0;0;0.096418202;0;0;0;0;0.867763819;0;0;0;0;0.192836404;0;0;0;0;0.578509212;0;0.385672808;0;0;0;0;0;0;0;0;0.289254606;0;0.096418202;0;0;0.192836404;0;0;0;0;0.289254606;0.096418202;0.096418202;0.192836404;0;0;0;0;0;0;0;0;0;0;0;0;0;0;0.385672808;0.096418202;0.289254606;0;0;0;0.192836404;0;0.578509212;0;0;0;0;0;0;0;0;0.48209101;0;0;0;0;0;0;0;0;0;0;0.192836404;0;0;0;0;0;0;0;0;0.289254606;0;0.192836404;0;0;0;0;0;0;0;0;0;0;0;0;0;0;0;0
Natural;2000;0;0;0;0.072725883;0.290903531;0;0;0.145451766;0;0;0;0;0;0;0.072725883;0.072725883;2.5454059;0.072725883;0;0;0;0;0;0;0;0.072725883;0.145451766;0;0;0;0;0.218177649;0;0;0.145451766;0;0;0;0;0;0.145451766;0;0;0;0;0;0;0;0;0;0;0;1.818147071;0.872710594;0.436355297;0.945436477;0;0;0;0;0;0;0;0;0;0;0.218177649;0;0;0;0;0;0.218177649;0.145451766;0.218177649;0.072725883;0;0;0;0;0;0;0;0;1.090888243;0;0;0;0;0;0;0.072725883;0;0;0.072725883;0;0;0;0;0.072725883;0.363629414;0;0;0;0;0;0.145451766;0;0;0.072725883;0.072725883;0;0;0;0;0;0;0;0;0.072725883;0;0;0;0;0;0;0;0;0;0;0;0;0;0;0;0;0;0;0;0;0;0.072725883;0;0.145451766;0;0;0;0
Natural;2001;0;0;0;0.072725883;0.290903531;0;0;0;0;0.290903531;0;0;0;0;0;0.218177649;3.054487079;0;0;0;0;0.072725883;0.145451766;0;0;0;0.727258828;0;0;0;0;0.072725883;0;0;0.727258828;0;0.072725883;0;0;0;0.145451766;0;0;0;0.145451766;0;0;0;0;0;0;0;0;0.072725883;0.872710594;0.50908118;0;0.072725883;0;0;0;0;0;0;0;0;0;0.072725883;0.072725883;0.072725883;0;0;0.218177649;0;0.363629414;0;0;0;0;0;0;0;0;0;3.054487079;0;0;0;0;0;0;0.072725883;0;0;0.072725883;0;0;0;0;0.072725883;0.072725883;0;0;0;0;0;0;0;0;0.072725883;0;0;0;0;0;0;0;0;0;0;0.363629414;0;0;0;0;0;0;0;0.072725883;0;0;0;0;0;0;0;0;0;0;0;0;0;0;0;0.072725883;0;0;0.072725883
Natural;2002;0;0.072725883;0.072725883;0;0.363629414;0;0;0;0.290903531;0.436355297;0;0;0;0;0.072725883;0.363629414;2.763583548;0;0;0;0;0.072725883;0;0;0;0;0.799984711;0;0;0;0;0;0;0;0.072725883;0.072725883;0;0;0;0;1.090888243;0;0;0;0;0;0;0;0.072725883;0;0.072725883;0;0;0;0.290903531;0.363629414;0;0;0;0;0;0;0;0;0;0.072725883;0;0;0;0.290903531;0;0;0.072725883;0;0.727258828;0;0;0;0;0;0;0;0;0;0.145451766;0;0;0;0;0;0;0;0.145451766;0;0;0;0;0;0;0.581807063;0.50908118;0;0;0;0;0;0;0;0;0;0;0.072725883;0;0;0;0;0.072725883;0;0;0;0.072725883;0;0;0;0;0;0;0;0;0.072725883;0.072725883;0;0;0;0.072725883;0;0;0;0;0;0;0;0;0;0;0;0;0
Natural;2003;0;0;0.072725883;0.436355297;1.01816236;0;0;0;0.145451766;1.309065891;0;0;0;0;0;0.50908118;5.818070627;0;0;0;0;0.145451766;0.145451766;0.072725883;0;0;1.381791774;0;0;0;0;0;0;0;0.072725883;0;0;0;0;0.072725883;1.963598837;0;0;0;0;0;0.072725883;0;0.436355297;0;0;0;0;0;0.145451766;0;0;0.145451766;0;0;0;0;0;0.072725883;0.072725883;0.072725883;0;0;0;0.363629414;0;0;0.363629414;0.072725883;0;0;0;0;0;0;0;0;0;0;1.890872954;0;0;0;0;0;0.218177649;0.218177649;0;0.145451766;0.218177649;0;0;0;0.145451766;0.581807063;0.50908118;0;0;0;0;0;0;0;0;0;0.072725883;0;0;0;0.072725883;0;0;0;0;0;0.072725883;0;0;0;0;0;0;0;0;0;0;0;0;0;0;0;0;0;0;0;0;0;0;0;0;0;0;0
Natural;2004;0;0;0;0.072725883;0.218177649;0;0;0;0;1.745421188;0;0;0;0;0;0.290903531;6.254425925;0;0;0;0;0;0;0.145451766;0;0;1.01816236;0;0;0;0.072725883;0;0;0;0;0;0;0;0.072725883;0;0.072725883;0;0;0;0.072725883;0;0;0;0.218177649;0;0;0;0;0.072725883;0.145451766;0.072725883;0;0;0;0;0;0;0;0;0.072725883;0;0.145451766;0;0;0.727258828;0;0;0.072725883;0;0.072725883;0;0;0;0;0;0;0;0;0;0.218177649;0;0;0;0;0;0;0;0;0;0.072725883;0;0;0;0;0.145451766;0.072725883;0;0;0;0;0;0;0;0;0.072725883;0;0;0;0;0;0;0;0;0;0;0.072725883;0;0;0;0;0;0;0;0;0;0;0;0;0;0.072725883;0;0;0;0;0;0;0;0;0;0;0;0;0
Natural;2005;0;0;0;0.072725883;0.072725883;0.072725883;0;0;0;1.090888243;0;0;0;0;0.218177649;0.799984711;1.454517657;0.145451766;0;0;0;0;0;0;0;0;2.254502368;0;0;0;0;0;0;0;0.581807063;0;0;0;0.290903531;0.218177649;0.50908118;0;0;0.072725883;0.072725883;0;0;0;0.072725883;0;0;0;0.072725883;0.218177649;0.872710594;0.218177649;0;0;0;0;0;0;0;0.581807063;0.290903531;0;0.072725883;0;0;0.218177649;0;0;0.50908118;0;0.145451766;0;0.145451766;0;0;0;0;0;0;0;0.290903531;0;0;0.072725883;0;0;0;0.218177649;0;0;0;0.072725883;0;0;0.290903531;0.218177649;0.145451766;0;0;0;0;0;0;0;0;0;0;0;0;0;0;0;0;0;0;0;0;0;0;0;0;0;0;0.072725883;0;0;0.072725883;0;0;0;0.072725883;0.145451766;0;0;0;0;0;0;0;0;0.290903531;0;0;0
Natural;2006;0;0;0;0.083556681;0;0;0;0;0.334226724;0;0;0;0;0;0.584896767;0.083556681;2.590257112;0;0;0;0;0;0.083556681;0;0;0.083556681;0.501340086;0;0;0.083556681;0;0.334226724;0;0;0.083556681;0;0;0;0.167113362;0;1.086236853;0;0;0;0;0;0;0;0;0;0;0;0.083556681;0;0.334226724;0;0;0;0;0;0;0;0;0.250670043;0;0;0;0;0;0.417783405;0;0;0.334226724;0;0.167113362;0;0;0;0;0;0;0;0.083556681;0;0.668453448;0;0;0;0.167113362;0;0;0;0;0.083556681;0.083556681;0;0;0;0;0;0.334226724;0;0;0;0;0;0;0;0;0;0;0;0;0.083556681;0;0;0;0;0;0.083556681;0;0;0;0;0;0;0;0;0;0.167113362;0;0.083556681;0;0;0.167113362;0;0;0;0;0;0;0;0;0;0.250670043;0.083556681;0;0
Natural;2007;0;0;0;0.215421608;0.215421608;0;0;0;0;0.107710804;0;0;0;0;0;0.215421608;2.908191705;0;0;0;0;0;0.430843216;0.215421608;0;0;0.323132412;0;0;0;0;0.107710804;0;0;0.215421608;0;0;0;0.107710804;0;0.646264823;0;0;0.107710804;0;0;0;0;0.215421608;0;0;0;0;3.015902509;14.00240451;2.47734849;0;0;0;0.107710804;0;0.430843216;0;0;0;0;0;0;0;0.107710804;0;0;0.215421608;0;0;0;0;0;0;0;0;0;0.107710804;0;1.507951255;0;0;0;0;0;0;0;0;0.107710804;0.107710804;0;0;0;0.107710804;0;0.53855402;0.107710804;0;0;0;0;0;0.107710804;0;0;0;0;0;0;0;0;0;0;0;0;0;0;0;0;0;0.107710804;0;0;0;0;0;0.215421608;0;0;0.107710804;0;0;0;0;0;0;0;0;0;0.323132412;0;0;0
Natural;2008;0;0;0;0.102174117;0.204348234;0.102174117;0;0.102174117;0.510870584;0;0;0;0;0;0.408696468;0.306522351;7.458710532;0.102174117;0;0;0;0.102174117;0.715218818;0.102174117;0;0;0.715218818;0;0.102174117;0;0;0;0;0;0.102174117;0;0;0;0.817392935;0.204348234;4.291312909;0;0;0.102174117;0.306522351;0;0;0;0.102174117;0;0;0;0.204348234;0.715218818;2.145656455;0.306522351;0;0.102174117;0;0.306522351;0;0;0;0.102174117;0.102174117;0;0;0;0.102174117;0.102174117;0;0;0.408696468;0;0.408696468;0;1.430437636;0;0.102174117;0;0;0;0.102174117;0;0;0;0;0;0;0.204348234;0.102174117;0;0;0.510870584;0.715218818;0.204348234;0;0;0.102174117;1.63478587;4.59783526;0.408696468;0;0;0;0;0;0;0;0;0.102174117;0;0;0;0;0;0;0;0;0;0.102174117;0;0.102174117;0;0;0;0;0.306522351;0;0;0;0;0;0;0.102174117;0.408696468;0.510870584;0;0;0;0;0;0;0.102174117;0.919567052;0;0;0
Natural;2009;0;0;0;0;0.10926224;0.10926224;0;0;1.092622396;0;0;0;0;0;0.10926224;0;3.387129429;0.218524479;0;0;0;0;0;0;0;0;0.10926224;0;0;0;0;0.10926224;0;0.10926224;0;0;0.10926224;0;0;0.10926224;0.218524479;0;0;0;0;0;0;0;0.10926224;0;0;0;0.218524479;0;0.327786719;0;0;0.10926224;0;0.10926224;0;0.10926224;0.218524479;0;0.10926224;0;0.327786719;0;0;0;0;0;0.10926224;0;0;0.10926224;0.10926224;0;0;0;0;0;0;0;0;0;0;0;0;0;0;0;0;0;0;0;0;0;0;0.218524479;0.218524479;0;0;0;0;0;0;0;0;0;0;0;0;0;0;0;0;0;0;0;0;0;0;0;0;0;0;0;0;0.10926224;0;0.10926224;0;0;0.10926224;0;0.10926224;0;0;0;0.10926224;0;0;0;2.622293751;0;0;0
Natural;2010;0;0;0.091813866;0;0.275441599;0;0;0;0.275441599;0;0;0;0;0;0.183627733;0.091813866;9.824083714;0.183627733;0;0;0;0;0;0.183627733;0;0;0.367255466;0;0;0;0.183627733;0;0;0.091813866;0;0;0;0;0;0;0.091813866;0;0.183627733;0;0;0;0;0.091813866;0;0;0;0;0;0.367255466;0.826324798;0.642697065;0;0.091813866;0;0;0;0;0;0;0.183627733;0.183627733;0.091813866;0;0.091813866;0;0.091813866;0;0.367255466;0.091813866;0;0;0.918138665;0;0;0;0.091813866;0;0;0;0;0;0;0.183627733;0;0;0.183627733;0;0;0;0;0;0;0;0;0;0.367255466;0;0;0;0;0;0.275441599;0;0;0;0;0;0;0;0;0;0;0.091813866;0;0;0;0.091813866;0;0;0;0;0;0;0;0.091813866;0.183627733;0.091813866;0;0.091813866;0.183627733;0;0;0.183627733;0;0;0;0;0;0.459069332;0;0;0;0.091813866
Natural;2011;0;0;0;0.821062485;0;0.18245833;0;0;0;0;0;0;0.091229165;0;0;0.091229165;4.287770753;1.642124969;0;0;0;0;0;0;0;0;0;0.091229165;0;0;0;0;0;0;0.091229165;0.18245833;0;0.273687495;0;0.091229165;5.838666557;0;0;0;0;0;0;0;0.273687495;0;0;0;0.091229165;1.642124969;0.273687495;0.638604155;0;0.091229165;0;0.36491666;0;0;0;0.91229165;0;0;0;0;0;0.54737499;0;0;0.273687495;0;0.456145825;0;0.091229165;0;0.091229165;0;0;0;0;0;0.18245833;0;0;0;0;0;0;0;0;0;0.091229165;0.273687495;0;0;0;0.18245833;0.36491666;0;0;0;0;0;0;0;0;0;0.18245833;0;0;0;0.091229165;0;0;0;0;0;0;0;0;0;0;0.091229165;0;0.091229165;0;0.18245833;0.91229165;0.091229165;0.091229165;0;0;0;0;0;0.18245833;0.18245833;0;0;0;0;0;0;0;0
Natural;2012;0;0;0;0;0.181580114;0;0;0;0.181580114;2.542121593;0;0;0;0;0.181580114;0.726320455;4.176342617;0;0;0;0;0.726320455;0;0;0;0;4.176342617;0;0;0;0;0;0;0;0;0;0;0;1.089480683;0;0;0;0;0;0;0;0;0;1.271060796;0;0;0;1.271060796;2.360541479;15.7974699;2.542121593;0;0;0;0;0;0;0;0.363160228;0;0;0;0;0.181580114;0.181580114;0;0;0.181580114;0;0;0;0.363160228;0;0;0;0;0;0;0;0;0;0;0;0;0;0;0;0;0;0;0;0;0;0.181580114;0;0.544740341;0;0;0;0.181580114;0;0;0;0.181580114;0;0;0;0;0;0;0;0;0;0;0;0.181580114;0;0;0;0.181580114;0;0;0;0;0;0;0.181580114;0;0;0.907900569;0;0;0;0;0;0;0;0;0;0;0;0;0
Natural;2013;0;0;0;0.327679427;2.949114842;0;0;0;0.327679427;0;0;0;0;0.163839713;1.146877994;0;6.881267965;0;0;0;0;0;0;0;0;0.163839713;1.638397134;0.983038281;0;0.163839713;0;0.163839713;0;0;0.163839713;0.163839713;0;0;0;1.638397134;1.474557421;0;0;0;6.881267965;0;0;0;0;0;0;0;0;0.819198567;0.655358854;0.49151914;0;0;0;0.163839713;0;0;0;0;0.327679427;0;0.327679427;0;0.819198567;0.983038281;0;0.327679427;0.655358854;0;0.655358854;0;0;0;0;0;0;0;0;0;1.146877994;0;0;0.163839713;0;0;0;0;0.163839713;0;0;0.327679427;0;0;0.49151914;0.163839713;0.983038281;0;0;0;0;0;0.327679427;0;0;0;0;0;0;0;0;0;0;0;0.163839713;0;0;0;0.163839713;0;0;0;0;0;0;0.163839713;0;0;0;0;0;0;0;0;0;0;0;0;0;1.146877994;0.49151914;0;0;0
Natural;2014;0;0;0;0;0;0;0.612462159;0;0;0.204154053;0;0;0.204154053;0;0.612462159;0;9.595240486;0;0;0.204154053;0;0;0;0;0;0;0.612462159;0;0;0;0;0;0;0;0;0;0;0;0;0;0.816616212;0;0;0;0;0;0;0;0.816616212;0;0;0;0;0.408308106;1.633232423;0.816616212;0;0;0;0;0;0;0;0;0;0;1.224924317;0;0.204154053;0.204154053;0;0;0.408308106;0;0;0;0;0;0;0;0;0;0;0;0;0;0;0;0;0;0;0.408308106;0;0;0;0;0;0.204154053;0;0;0;0;0;0;0;0;0;0;0;0;0;0;0;0;0;0;0;0;0;0;0;0;0;0;0;0;0;0;0;0;0;0;0;0;0;0;0;0;0;0;0;0;0;0;0;0;0;0
Natural;2015;0;0;0;0;0.351520918;0;0;0;0.351520918;0.175760459;0;0;0;0;0;0;6.327376529;0;0;0.175760459;0;0;0;0;0;0;0.351520918;0;0;0;0;0;0;0;0;0;0;0;0;0;0;0;0;0;0;0;0;0;0;0;0;0;0;0;0;0.351520918;0;0;0;0;0;0;0;0;0.175760459;0;0.175760459;0;0;0;0;0;0;0;0.175760459;0;0.175760459;0;0;0;0;0;0;0;0;0;0;0;0.175760459;0;0;0;0.175760459;0;0;0;0;0;0;0.351520918;0.175760459;0;0;0;0;0;0;0;0;0;0;0;0;0;0;0;0;0;0;0;0;0;0;0;0;0;0;0;0;0;0;0;0;0;0.703041837;0;0;0;0;0;0;0;0;0;0;0;0;0
Natural;2016;0;0;0;0.168540037;0;0.337080074;0;0;1.011240223;0.337080074;0;0;0;0;0;0.505620111;11.96634264;0;0;0;0;0;0;0;0;0;0.337080074;0;0.337080074;0;0;0;0;0;0;0.168540037;0;0;0.168540037;0;1.011240223;0;0.168540037;0;0.168540037;0;0;0;0;0;0;0;11.12364245;0;0;0.168540037;0;0;0;0;0;0;0.168540037;0.674160149;0;0;0;0;0.505620111;0;0;0;0.168540037;0;0;0.168540037;0;0;0;0;0;0;0;0;0.168540037;0;0;0;0;0;0;1.348320297;0.168540037;0;0.674160149;0.168540037;0;0;0.168540037;0.168540037;0.505620111;0;0;0;0;0;0;0;0;0;0;0;0;0;0;0;0;0.168540037;0;0;0;0;0;0;0;0;0;0;0;0.168540037;0;0.168540037;0.168540037;0;0;0;0;0;0;0;0;0;0;0;0.337080074;0.168540037;0;0
Natural;2017;0;0.178985253;0;0.357970506;0;0.178985253;0;0;0.357970506;0.357970506;0;0;0;0;0;0;4.832601838;0;0;0;0;0;0;0;0;0;0;0;0.178985253;0;0;0;0;0;0;0;0;0;0;2.863764052;0;0;0;0.357970506;0.178985253;0;0;0;0;0;0;0;0.357970506;1.073911519;0;0;0;0;0;0;0;0;0;0;0;0;1.968837786;0;0;0;0;0;0.357970506;0;0.715941013;0;0;0;0;0;0;0;0;0;0;0;0;0.178985253;0.357970506;0;0.894926266;1.073911519;0;0;0.715941013;0;0;0.178985253;0;0;1.073911519;0;0.357970506;0.357970506;0;0.357970506;0;0;0;0;0;0;0;0;0;0.53695576;0;0;0;0.715941013;0;0;0;0;0;0;0;0;0;0;0;0;0;0;0.178985253;1.789852532;0;0;0;0;0;0;0;0;0;0;0;0
Natural;2018;0;0;0;0;0.598697777;0;0;0;0.199565926;0;0;0;0;0;0;0;2.394791107;0;0;0;0;0;0;0;0;0;0.399131851;0;0;0;0;0;0;0;0;0;0;0;0;0;0;0;0;0;0;0;0;0;0;0;0;0;4.789582213;0;1.596527404;0.399131851;0;0;0;0.199565926;0;0;0;0;0;0;2.993488883;0;0;0;0;0;0.399131851;0;0;0;0;0;0;0;0;0;0.199565926;0;0;0;0;0.199565926;0;0;0;0;0.199565926;0;0;0;0;0;0.199565926;0;0;0;0;0;0;0;0;0;0;0;0;0;0;0;0;0.199565926;0;0;0;0;0.199565926;0;0;0;0.199565926;0;0;0;0;0;0;0;0;0;0.798263702;0;0;0;0;0;0;0;0;0;0;0;0;0
Natural;2019;0;0;0;0.413307227;0.206653613;0;0;0;2.066536133;0.413307227;0;0;0;0;0;0;6.406262013;0.206653613;0;0;0;0;0;0;0;0;0.826614453;0;0;0.206653613;0;0;0;0;0;0;0;0;0;0;0.206653613;0;0;0;0;0;0;0;0;0;0;0;0;0.413307227;0;0.61996084;0;0;0;0;0;0;0.206653613;0;0.413307227;0;1.85988252;0;1.23992168;0;0;0;0.413307227;0;0.61996084;0.413307227;0;0;0;0;0;0;0;0;0;0;0;0;0.206653613;0;0;0;0.206653613;0;0;0.206653613;0;0;0.206653613;0.206653613;0.206653613;0;0;0;0;0.206653613;0;0;0;0.413307227;0;0;0;0;0;0;0;0;0;0;0;0;0;0;0;0;0;0;0;0;0;0.206653613;0;0;0;0;0;0;0;0;0;0;0;0;8.67945176;0.413307227;0;0
Natural;2021;0;0;0;0;0.262536136;0;0;0.262536136;0.525072271;0;0;0;0;0.262536136;0.787608407;0;7.351011796;0;0;0;0;0;0;0;0;0;3.675505898;0;0.262536136;0;0.262536136;0;0;0;0;0;0;0;0;0;0;0;0;0;0;0;0;0;0;0;0;0;0.262536136;0.262536136;0;0;0;0;0;0;0;0;0;0;0;0;0.525072271;0;0;0;0;0;0;0;0;0;1.312680678;0;0;0.262536136;0;0;0;0;0;0;0;0;0.525072271;0;0;0;0;0;0;0.525072271;0;0;0.262536136;0;0;0;0;0;0;0;0;0;0;0;0;0;0;0;0;0;0;0;0;0;0;0;0;0;0;0;0;0.262536136;0;0;0.525072271;0.262536136;0;0;0;1.837752949;0;0;0;0;0;0;0;0;0;0.262536136;0;0
Natural;2022;0;0;0;0;0;0;0;0;0.264883827;0;0;0;0;0;0;0;1.324419135;0;0;0;0;0;0;0;0;0;0.529767654;0;0;0;0;0;0;0;0;0;0;0;0;0;0;0;0.264883827;0;0;0;0;0;0;0;0;0;0;0;0;0;0;0;0;0;0;0;0;0;0.264883827;0;0;0;0;0;0;0;0;0;0;0;0;0;0;0;0;0;0;0;0;0;0;0;0;0;0;0;0;0;0;0;0;0;0;0;0.264883827;0;0;0;0;0;0;0;0;0;0;0;0;0.264883827;0;0;0;0;0;0;0;0;0;0;0;0;0;0;0;0.264883827;0;0;0;0;0.264883827;0;0;0;0;0;0;0;0;0;0.264883827;0;0;0
Rejeito;1991;0;0;0;0.06453888;0.19361664;0.12907776;0;0.06453888;0;0;0;0;0.06453888;0;0.06453888;0.12907776;18.39358081;0;0;0;0;0;0.38723328;0;0.06453888;0;0.3226944;0.06453888;0;0;0.06453888;0;0.06453888;0;0;0;0;0;0;0.06453888;0.70992768;0;0;0;0;0;0;0;0;0;0;0;0;0.6453888;0.70992768;2.387938561;0;0.06453888;0;0.19361664;0.06453888;0;0;0.06453888;0;0;0.06453888;0;0;0.38723328;0;0;0.51631104;0;0;0;0.19361664;0;0.06453888;0;0;0;0;0;0;0;0;0.06453888;0;0.06453888;0;0;0.06453888;0.45177216;0.19361664;0.12907776;0;0;0;0.06453888;0.3226944;0.19361664;0;0;0;0;0;0;0;0;0;0;0;0;0;0;0;0;0.12907776;0;0;0.06453888;0;0;0;0;0;0.06453888;0;0;0;0.12907776;0;0;0;0;0;0;0;0;0;0.06453888;0;0;0.25815552;0.12907776;0;0
Rejeito;1992;0;0;0;0.510804003;0.340536002;0;0;4.086432022;0;0;0;0;0.170268001;0;0.510804003;0.510804003;13.11063607;0.851340004;0;0;0;0;0;0.340536002;0.170268001;0;0;0.510804003;0;0;0;0;0;0.170268001;0.170268001;0;0;0;0.681072004;4.597236024;7.491792039;0.170268001;0;0.340536002;0;0;0;0;0.851340004;0;0;0;0.681072004;1.87294801;0;0;0;0;0;0;0;1.87294801;0;3.74589602;0;0;0;0;0;0.340536002;0.170268001;0;3.235092017;0.170268001;0.170268001;0.170268001;0.170268001;0;0;0;0;0;0.340536002;0;0.510804003;0;0;1.191876006;0.340536002;0;0;0.170268001;0;3.916164021;0.851340004;0.681072004;0.340536002;0;1.191876006;0.340536002;2.724288014;0.851340004;0;0;0.510804003;0;0;0;0;0;0;0;0;0;0;0;0;0;0.510804003;0;0;0;0;0.340536002;0;0;0;0.510804003;0;0.340536002;0;0.681072004;0;0;0;0;0;0;0;0;0;0;0;0.510804003;2.894556015;0;0.340536002;0
Rejeito;1993;0;0;0;0.104525363;0.104525363;0;0;0;0;0;0;0;0.104525363;0;0;1.985981891;9.72085873;8.57107974;0.104525363;0;0;0;0;0.104525363;0;0;0.104525363;0.418101451;0;0;0;0;0;0;0;0;0;0;0;0.104525363;1.358829715;0;0;0;0;0;0;0;0;0;0;0;0.522626813;0.209050725;0;0;0;0;0;0;0;0;0.209050725;1.254304352;0;0.104525363;0;0;0;0.313576088;0;0;0.313576088;0;0;0;0.104525363;0;0;0;0;0;0.104525363;0;0;0;0;0;0;0;0;0;0;0.627152176;0;0;0;0;0;0.522626813;1.045253627;0.209050725;0;0;0;0;0;0;0;0;0;0;0;0;0;0;0;0;0;0;0.104525363;0;0;0;0;0;0;0;0;0;0;0.313576088;0;0;0;0;0;0;0;0;0;0;0;0;3.240286243;0;0;0
Rejeito;1998;0;0.149784173;0;0.524244604;0;0;0;0.074892086;0;0;0;0;0;0;0;0.074892086;5.467122302;0.898705036;0;0;0;0.224676259;0.074892086;0;0;0;0;0;0;0;0;0;0;0.149784173;0.149784173;0;0;1.123381295;0;0;0;0;0.074892086;0;0;0;0;0;0.973597122;0;0;0;0.224676259;1.048489209;0;0.149784173;0;0;0;0.449352518;0;0.074892086;0;0.149784173;0;0;0.074892086;0;0;0.149784173;0;0;0.299568345;0;0;0;0;0;0;0;0.149784173;0;0.074892086;0;0;0;0;2.096978417;0;0.074892086;0;0;0;0.449352518;0.224676259;0;0.074892086;0;0.674028777;0;1.797410072;1.048489209;0;0;0;0;0.149784173;0;0;0.074892086;0;0;0;0;0;0;0;0;0;0;0.074892086;0;0;0;0;0;0;0;0;0;0;0.898705036;0.074892086;0;0;0;0;0;0;0;0;0.074892086;0;0;0.074892086;0;0;0
Rejeito;1999;0;0;0;0;0.615963571;0.076995446;0;0;0;0;0;0;0;0;0;1.077936249;1.539908927;0;0;0;0;0.076995446;0;0.461972678;0;0;0;0.076995446;0;0.230986339;0;0;0;0;0.230986339;0;0;0;0.461972678;0.153990893;0;0;0;1.154931695;0.076995446;0;0;0;0.230986339;0;0;0.076995446;0;10.39438526;0.384977232;1.154931695;0;0.076995446;0;0;0.076995446;0;0;0.692959017;0;0;1.231927142;0.076995446;0;0;0;0;0.153990893;0;0;0;0;0;0;0;0;0;0.076995446;0;0;0;0.076995446;0;0.153990893;0.076995446;0;0;0;0.076995446;0;0;0;0;0.153990893;0;3.541790533;0;0;0;0;0;0;0;0;0;0;0;0;0.230986339;0;0;0;0;0;0;0.230986339;0;0;0;0;0;0;0;0;0;0;0;0;0;0;0;0.076995446;0;0;0.076995446;0.153990893;0;0;0;0.692959017;0;0;0
Rejeito;2000;0.204161074;0;0;0.102080537;2.449932886;0;0;0.102080537;0;0;0;0;0;0;0;0.816644295;2.65409396;0;0;0;0;0.204161074;0;0;0;0;0;0;0;0;0;0;0;0;0;0;0;0;0.918724832;0.102080537;0;0;0;0.204161074;0;0;0;0;0;0;0;0;0;1.020805369;0.102080537;1.122885906;0;0.204161074;0;0.306241611;0;0;0;0.204161074;0;0;0;0;0;0.816644295;0;0;0.408322148;0;0;0;0;0;0;0;0;0;0;0;0.102080537;0;0;0.408322148;0;0.102080537;0;0;0;0;0;0.204161074;0.204161074;0;0.204161074;0;0.612483221;0;0;0;0;0;0;0;0;0;0.102080537;0;0.306241611;0.204161074;0.102080537;0;0;0;0;0;0;0;0;0;0;0;0;0;0;0;0;0;0;0;0;0;0;0;0;0;0;0;0;0.408322148;0.306241611;0;0;0
Rejeito;2001;0;0;0;0.253665944;4.819652928;0;0;0;0.253665944;0;0;0;0;0;0.253665944;0.760997831;7.73681128;0;0;0;0.126832972;0;2.917158351;0.126832972;0;0;0.380498915;1.141496746;0;0;0;0;0;0;4.9464859;0;0;0;0.507331887;0.253665944;4.819652928;0;0;0;0;0;0;0;0.507331887;0;0;0;0;3.804989154;0.380498915;1.902494577;0;0.126832972;0;0;0;3.424490239;0;1.268329718;0.380498915;0;0;0.126832972;0;0.253665944;0;0;0.760997831;0;0.126832972;0;3.297657267;0.887830803;0;0;0;0;0;0;0;0;0;0;0;0;0;0.126832972;0;0.126832972;0;0.380498915;0;0;0.126832972;0.887830803;0.507331887;0.126832972;0;0;0;0;0.253665944;0;0;0;0;0;0;0;0;0;0;0;0;0;0.253665944;0;0;0;0;0;0;0;0.126832972;0;0;0.126832972;0.253665944;0;0.126832972;0.126832972;0.507331887;0;0;0;0;0;0.507331887;0;6.595314533;0;0.760997831;0
Rejeito;2002;0;0;0;0.277102273;3.186676136;0;0;0;0.831306818;2.078267045;0;0;0;0;0;1.385511364;9.698579545;0.831306818;0;0;0.138551136;0;1.801164773;0.138551136;0;0;0;0.415653409;0;0.138551136;0;0;0.277102273;0;0;0;0;0;0;3.879431818;8.867272727;0;0;0.415653409;0.138551136;0;0;0;0.277102273;0;0;0;0.138551136;0.138551136;0;0.692755682;0;0;0;0.277102273;0;0;0;0.831306818;0.969857954;0;0;0;0;0.138551136;0;0;0;0;0.415653409;0;0.415653409;0;0;0;0;0;0.138551136;0;0;0;0;0;0;0;0;0;0;0.138551136;0.277102273;0.554204545;0.277102273;0;0;1.385511364;0.415653409;0;0;0;0;0;0;0;0.138551136;0.138551136;0;0;0;0;0.138551136;0;0;0;0;0;0.138551136;0;0;0;0;0;0;0;0.138551136;0;0;0;0;0;0;0;1.108409091;0;0;0.138551136;0;0;0.554204545;0;3.463778409;0;0.831306818;0
Rejeito;2003;0;0;0;1.055522388;2.506865672;0;0;0;0.92358209;0;0;0;0;0;0;0.263880597;9.895522389;1.847164179;0;0;0;0;1.847164179;0.395820896;0;0;0.263880597;0.395820896;0;0;0;0;0;0;0.131940299;0;0;0;0;1.451343284;5.277611941;0;0;1.055522388;0;0;0;0;0.527761194;0;0;0;0;0.527761194;0;0;0;0.527761194;0.131940299;0.527761194;0;0.395820896;0;0;0;0;0;0;0;0.131940299;0;0;0.263880597;0;0.263880597;0;0.527761194;0.263880597;0;0;0;0;0;0;0;0;0;0;0;0.131940299;0;0;0;0;0.131940299;0.131940299;0;0;0.131940299;0.527761194;0.659701493;0;0;0;0;0;0;0;0;0;0;0;0;0;0;0;0;0.131940299;0;0;0;0;0;0;0;0;0;0;0;0;0;0;0;0;0.131940299;0;0.263880597;0;0;0;0.131940299;0;0;0;10.29134328;0.131940299;0;0
Rejeito;2004;0;0;0;0;1.977186312;0;0;0;0;0;0;0;0;0;0;3.707224335;10.13307985;0;0;0;0;0;0.370722433;0;0;0;0.865019011;0.123574144;0;0;0;0;0;0;0;0;0;0;0;0.370722433;7.785171103;0;0;0.370722433;0.123574144;0;0;0;0;0;0;0;0;0.123574144;0;0.123574144;0;0.123574144;0;0.123574144;0;0;0;0.247148289;0.123574144;0;0;0;0;0.741444867;0;0;0.741444867;0;0;0;0;0;0;0;0;0;0;0;0.123574144;0;0;0.123574144;0;0.123574144;0;0;0;0;0;0.247148289;0;0;0;0.123574144;0.988593156;0;0;0;0;0;0;0;0;0;0;0;0;0.123574144;0;0;0;0;0;0;0;0;0;0;0;0;0;0;0;0;0;0.494296578;0;0;0.617870722;0;0.123574144;0;0;0.123574144;0.247148289;0;0;0;0.865019011;0;0;0
Rejeito;2005;0;0;0;0;1.67584164;0;0;0;0.069826735;0.97757429;0;0;0;0;0.27930694;0.69826735;6.074925945;0.55861388;0;0;0;0.209480205;1.047401025;0.069826735;0;0;1.187054495;0;0;0;0;0;0;0;0.13965347;0;0;0;0;0.209480205;2.723242665;0;0;0.27930694;0;0;0;0;0.069826735;0;0;0;0;1.326707965;0.628440615;1.11722776;0;0;0;0.13965347;0;0;0;0.069826735;0.69826735;0;0;0;0;0.27930694;0;0;1.53618817;0;0;0;0;0;0;0;0;0;0;0;0.69826735;0;0;0;0;0;0;0;0;0.069826735;0;0.209480205;0.209480205;0;0.209480205;0.13965347;0.69826735;0;0;0;0;0;0;0;0;0.13965347;0.069826735;0;0;0;0.069826735;0;0;0;0;0;0;0;0;0;0;0.13965347;0.069826735;0.13965347;0.069826735;0;0;0.13965347;0;0;0.209480205;0;0.069826735;0;0;0;0;0;0;0;2.583589195;0.069826735;0;0
Rejeito;2006;0;0;0;0.079371946;0.317487782;0;0;0;0;0;0;0;0;0;0.079371946;0.079371946;1.587438912;0;0;0;0;0.158743891;0.476231674;0;0;0;1.26995113;0;0;0;0;0;0;0;0;0;0;0.158743891;0.158743891;0;0.476231674;0;0;0.079371946;0;0;0;0;0;0;0;0;0.238115837;0.317487782;0.238115837;0.396859728;0;0;0;0.396859728;0;0.238115837;0;0.793719456;0.079371946;0;0;0.079371946;0;0;0;0;0.079371946;0;0;0;0;0;0;0;0;0;0;0;1.825554749;0;0;0.079371946;0;0;0;0;0;0.238115837;0.238115837;0;0.079371946;0;0;0.079371946;0.238115837;0;0;0;0;0;0;0;0;0;0;0;0;0;0;0;0;0;0;0;0;0;0;0;0;0.079371946;0;0;0;0;0;0.079371946;0;0;0;0;0;0;0;0;0;0;0;0.158743891;0.873091402;0.079371946;0;0
Rejeito;2007;0;0;0.097297277;0.291891831;2.335134646;0;0;0;0;0;0;0;0;0;0;0.583783662;3.502701969;0;0;0;0;0.194594554;1.459459154;0.778378215;0;0;0.486486385;0;0;0;0;0.291891831;0;0;0.194594554;0;0;0;0;1.459459154;0.875675492;0;0;0.194594554;0;0;0;0;0;0;0;0;0.291891831;2.918918308;1.070270046;1.2648646;0;0;0;0.097297277;0;0.194594554;0;0.681080938;0.291891831;0;0.194594554;0;0;0.194594554;0;0.194594554;0.681080938;0;0;0.097297277;0.291891831;0;0;0;0;0;0.097297277;0;0;0;0;0.097297277;0;0.097297277;0;0;0;0.097297277;0;0;0.097297277;0;0.194594554;0.194594554;0.778378215;0;0;0;0;0;0.194594554;0;0;0;0;0;0;0;0;0;0;0;0;0;0;0;0;0;0;0.097297277;0;0;0;0;0;0.097297277;0.097297277;0;0.097297277;0;0.681080938;0;0;0;0;0;0;1.848648262;18.972969;0.389189108;0;0
Rejeito;2008;0;0;0.105432864;0;0.632597184;0;0;0;0;0;0;0.105432864;0;0;0.105432864;1.054328639;2.108657279;0;0;0;0;0.105432864;0.948895775;0.105432864;0;0;0.738030048;0;0;0.105432864;0;0;0;0.105432864;0.210865728;0;0;0;0.105432864;0.105432864;2.530388734;0;0;0;0;0;0;0;0;0;0;0;0.421731456;3.162985918;3.057553054;1.054328639;0;0.210865728;0;0.316298592;0;2.42495587;0.105432864;1.265194367;0.105432864;0;0;0;0;0.210865728;0;0;0.421731456;0;1.054328639;0;0.105432864;0;0;0;0;0;0.210865728;0;1.054328639;0;0;0;0;0;0;0;0;0.105432864;0;0.105432864;0.105432864;0;0.316298592;0.52716432;1.581492959;0;0;0;0;0;0;0;0;0;0;0;0;0;0;0;0;0;0;0;0;0;0;0;0;0;0;0;0;0.105432864;0;0;0;0;0.105432864;0;0.105432864;0;0;0;0;0;0;0;0.843462911;0;0;0
Rejeito;2009;0;0;0;0;0.183866575;0;0;0;0.367733151;0;0;0;0;0;0;0;1.930599041;0;0;0;0;0;0.183866575;0;0;0;1.103199452;0;0;0;0;0;0;0.091933288;0;0;0;0;0;0;0;0;0;0;0;0;0;0;0;0;0;0;0;2.390265479;0.367733151;2.298332191;0;0;0;0;0;0;0;0.183866575;0.091933288;0;0.183866575;0;0;0.183866575;0;0;0.183866575;0.091933288;0;0;0.459666438;0;0;0;0;0;0.091933288;0;0;0;0;0;0;0;0;0;0;0.183866575;0.091933288;0;0;0;0.367733151;0;0;0;0;0;0;0;0;0;0;0;0;0;0;0;0;0;0;0;0;0;0;0;0;0;0;0;0;0;0;0;0;0;0;0;0;0;0;0;0;0.091933288;0;0;0;0;1.56286589;0;0;0
Rejeito;2010;0;0;0.093746835;0.093746835;0.749974678;0;0;0;0;2.812405041;0;0;0;0;0.093746835;0.187493669;7.218506272;0.562481008;0;0;0;0.093746835;0.468734173;0;0;0.093746835;0;0;0;0.281240504;0.093746835;0;0;0;0.187493669;0;0;0;0;0;0.093746835;0;0.093746835;0;0;0;0;0;0.187493669;0;0;0;0;2.718658206;0.187493669;0.374987339;0.093746835;0;0;0;0;0;0.093746835;0;0;0;0;0;0.281240504;0.093746835;0.093746835;0;1.312455686;0;0;0;0.187493669;0;0;0;0;0;0;0;0.187493669;0;0;4.312354396;0;0.093746835;0;0;0;0;0;0.093746835;0;0;0.093746835;0.093746835;0.187493669;0;0;0;0;0;0.093746835;0;0;0;0;0;0;0;0;0;0;0;0;0.093746835;0.468734173;0;0;0;0.187493669;0;0;0;0;0;0.093746835;0.187493669;0;0;0;0;0;0;0;0;0;0;0;0;1.40620252;0.093746835;0;0
Rejeito;2011;0;0;0;2.222622414;0.463046336;0.926092672;0;0;0.833483405;0;0;0;0;0;0.092609267;0.648264871;3.148715086;0;0;0;0;0;0.092609267;0;0;0;0.185218534;0.185218534;0;0;0;0;0;0;0;0;0;0;0.555655603;0.370437069;13.61356228;0;0.555655603;0.185218534;0;0;0;0;0.740874138;0;0;0;0.648264871;0.277827802;0;0.092609267;0;0;0;0;0;0.370437069;0;0.277827802;0.092609267;0.092609267;0;0;0;0;0.092609267;0;0;0.092609267;0.092609267;0;0;0;0;0;0;0;0;0;0.185218534;0.092609267;0;0;0;0;0.092609267;0;0;0.277827802;0;0.740874138;0.185218534;0;0;1.111311207;0;0;0;0;0;0;0.277827802;0;0;0;0;0;0;0.092609267;0;0;0;0;0;0;0.185218534;0;0;0;0;0;0;0.463046336;0.092609267;0;0.277827802;0.092609267;0;0;0.092609267;0;0.463046336;0;0.092609267;0;0;0;0;0.555655603;1.01870194;0;0;0
Rejeito;2012;0;0;0;0.311921013;0.155960506;0;0;0;0.467881519;1.247684051;0;0.155960506;0;0;0.155960506;0.155960506;1.091723545;0;0;0;0;0;0.155960506;0;0;0;3.431131141;0.311921013;0;0;0;0;0;0;0.155960506;0;0;0.155960506;0.155960506;0;2.651328609;0;0.155960506;0.467881519;0;0;0;0;0;0;0;0;0.779802532;6.55034127;1.871526077;3.743052154;0;0;0;0;0;0;0;0;0;0;0;0;0;0.155960506;0;0;0;0;0.311921013;0;0;0;0;0;0;0;0;0;0.935763039;0;0;0;0;0;0;0;0;0.155960506;0.155960506;0;0;0;0.155960506;0.155960506;1.247684051;0;0;0;0;0;0;0;0;0;0;0;0;0;0;0;0;0;0;0;0;0;0;0;0;0;0;0;0;0;0;0;0.155960506;0;0;0.155960506;0;0;0;0;0;0;0;0.467881519;0.935763039;0;0;0
Rejeito;2013;0.152284972;0;0;0.152284972;0.913709832;0.152284972;0;0;0;0;0;0;0;0;0.152284972;0;8.223388491;0;0;0;0;0;0;0;0;0;0;0;0;0;0;0;0.304569944;0;0;0;0;0;0;0;7.766533575;0;0;0.152284972;0;0;0;0.304569944;0.304569944;0;0;0;0;1.065994804;0.456854916;0.609139888;0;0.152284972;0;0.152284972;0;0;0;0;0;0;0.304569944;0;0;0.76142486;0;0;0;0;0.152284972;0;0;0;0;0;0;0;0;0;0;0;0;0;0;0;0;0;0;0;0.152284972;0;0;0;0;0.304569944;0.913709832;0;0;0;0;0;0;0;0;0;0.152284972;0;0;0;0;0;0;0;0;0;0;0;0.152284972;0;0.304569944;0;0;0;0;0;0;0;0;0;0;0;0;0;0;0.304569944;0;0.152284972;0;0.913709832;0.304569944;0;0;0
Rejeito;2014;0;0;0;0;0.406281783;0;0;0;0;0;0;0.406281783;0;0;0.203140891;0;10.15704457;0;0;0;0;0;0;0;0;0.609422674;0;0;0;0;0;0;0;0;0;0;0;0;1.015704457;0;0;0;0.203140891;0;0;0;0;0;0;0;0;0;0;4.062817827;0;0.203140891;0;0.203140891;0;0;0;0;0;0;0;0;0;0;0;0.609422674;0;0.203140891;0.406281783;0.203140891;0;0;0;0;0;0;0;0;0;0;0;0;0;0;0;0;0;0;0;0;0;0;0;0;0;0;0;0;0;0;0;0;0;0;0;0;0;0;0;0;0;0;0;0;0;0;0;0;0;0;0;0;0;0;0;0;0;0;0;0;0;0;0;0;0;0;0;0;0;0;0;0;0;0
Rejeito;2015;0;0;0;0;0;0;0;0;0;0.482844223;0;0;0;0;0;0;11.10541713;0;0;0;0;0;0.482844223;0;0;0;0;0;0;0;0;0.160948074;0;0;0.160948074;0;0;0;0.321896149;0.160948074;1.12663652;0;0;0;0;0;0;0;0.160948074;0;0;0;0;0.643792297;0;0.321896149;0;0;0;0;0;0;1.12663652;0.321896149;0.160948074;0;0;0;0;0.482844223;0;0;0.160948074;0;0;0;0.643792297;0;0;0;0;0;0;0;0;0;0;0;0;0;0;0;0;0;0;0;0;0;0;0.160948074;0.965688446;0;0;0;0;0;0;0;0;0;0;0;0;0;0;0;0.160948074;0;0;0;0;0;0;0;0;0;0;0;0;0;0;0;0;0;0;0;0;0;0;0;0;0;0;0;0.321896149;0;0;0
Rejeito;2016;0;0;0;0.176559667;0.529679;0;0;0;0;3.88431267;0;0;0;0;1.059358001;1.412477334;3.707753003;0;0;0;0;0.176559667;1.059358001;0;0;0.353119334;0.882798334;0;0;0;0;0;0;0;0.529679;0;0;0;1.589037001;0.176559667;3.001514336;0;0;0.706238667;0;0.176559667;0;0;0.353119334;0;0;0;0.706238667;8.29830434;0.706238667;3.354633669;0;0;0;0;0;0.176559667;0.176559667;0.353119334;0.529679;0;0.176559667;0;2.648395002;1.412477334;0;0;1.765596668;0;0;0;0;0;0;0;0;0;0.353119334;0;1.059358001;0;0;16.06692968;0;0.176559667;0;0;0;0.176559667;0.176559667;0;0;0;0.353119334;0;2.471835335;0;0;0;0;0;0;0;0;0;0;0;0;0;0;0;0;0;0;0;0.176559667;0;0;0;0;0;0;0.176559667;0;0.353119334;0;0.706238667;0;0;0;0;0;0;0;0;0;0;0;0;6.532707672;0.176559667;0;0
Rejeito;2017;0;0;0;0;0.370784509;0;0;0;0;0;0;0.185392254;0;0;0;0.556176763;1.668530289;0;0;0;0;0;0;0;0;0;0;0;0;0;0;0;0;0;0;0;0;0;0;0;0.185392254;0;0;0;0;0;0;0;0;0;0;0;0;0.185392254;0.185392254;0.185392254;0;0.370784509;0;0;0;0;0;0;0;0;0;0;0;0.185392254;0;0;0;0;0.185392254;0.370784509;0;0;0;0;0;0;0.185392254;0;0.556176763;0;0;0;0;0.185392254;0;0;0;0;0.926961272;0;0;0;0;0.370784509;0.556176763;0;0;0;0;0.185392254;0;0;0;0.185392254;0;0;0;0;0.185392254;0;0;0;0;0;0;0;0;0;0;0;0;0;0;0;0;0;0;0;0;0;0;0;0;0;0;0;0;0;0.185392254;0;0;0
Rejeito;2018;0;0;0;0;0.954712082;0;0;0;0;0.23867802;0;0;0;0;0;0;8.115052693;0;0;0;0;0;0.477356041;0;0;0;0;0;0;0.23867802;0;0;0;0;0;0;0;0;0.477356041;0;0;0;0;4.296204367;0;0;0;0;0.954712082;0;0;0;0;0.23867802;3.818848326;1.909424163;0;0.23867802;0;0;0;0;0;0;0;0;0;0;0;0.23867802;0;0;0.477356041;0;0;0;0;0;0;0;0;0;0.23867802;0;0;0;0;0.477356041;0;0.23867802;0;0;0;0.23867802;0.23867802;0;0;0;0;0;1.670746143;0;0;0;0;0;0.23867802;0;0;0;0;0;0;0;0.477356041;0;0;0;0;0;0;0;0;0;0;0;0;0;0;0.23867802;0;0;0;0;0.23867802;0;0;0;0;0;0;0;0;0;1.193390102;0;0;0
Rejeito;2019;0;0;0;0.418383968;0;0;0;0;0;0;0;0;0;0;0;0.209191984;7.321719439;0;0;0;0;0;0;0;0;0;0;0;0;0;0;0;0;0;0;0;0;0;0;0;0.627575952;0;0;0.209191984;0;0;0;0;0;0;0;0;0;0.209191984;0;0;0;0;0;0;0;0.209191984;0;0.209191984;0;0;0;0;0;0;0;0;0;0;0;0;0;0;0;0;0;0;0;0;0;0;0;0.836767936;0;0;0;0;0;0;0.209191984;0.209191984;0;0;0;0;0;0;0;0;0;0;0;0;0;0;0;0;0;0;0;0;0;0;0;0;0;0;0;0;0;0;0;0;0;0;0;0;0;0;0;0;0;0;0;0;0;0;0;0;0.627575952;0.209191984;0;0
Rejeito;2021;0;0;0;0.525072271;0;0.525072271;0;0;0.262536136;0.262536136;0.787608407;0;0;0.262536136;1.050144542;1.050144542;1.050144542;0;0;0;0;0;0.262536136;0;0;0;0;0;0;0.262536136;0;0;0;0;0;0;0;0.525072271;0.262536136;0.787608407;2.625361356;0;2.100289085;0.262536136;0;0;0;0;0;0;0;0;0;1.575216814;8.663692474;1.050144542;0;0;0;0;0;0;0;1.575216814;0;0;0;0;0;0.787608407;0;0;0.262536136;0;0;0;1.050144542;0;0;0;0;0;0;0;0;0;0;0;1.312680678;0;0;0;0;0;0.525072271;0;0;0;0.525072271;1.837752949;2.625361356;0;0;0;0;0;0;0;0;0;0;0;0;0;0;0;0.262536136;0;0;0;0;0;0;0;0;0;0;0;0;0;0;0;0;0.262536136;0;0.525072271;0;0;0;0;0;0;0;0;0.525072271;0;0;0
Rejeito;2022;0;0;0;0.256923208;0.770769625;0;0;0;0;0.256923208;0;0;0.256923208;0;1.027692833;0;7.450773038;0;0;0;0;0;0;0;0;0;0.256923208;0;0;0;0;0;0;0;0;0;0;0;0;0;0.256923208;0;0;0;0;0;0;0;0;0;0;0;0;6.423080205;7.19384983;0.770769625;0;0;0;0;0;0;0;0.513846416;0.256923208;0;0;0;0;0.256923208;0;0;0;0;0;0;2.569232082;0;0;0;0;0;0;0;0;0;0;0;0;0;0;0;0;0;0.256923208;0;0;0;0;0.256923208;0.770769625;0;0;0;0;0;0;0;0;0;0;0;0;0;0;0;0;0;0;0;0;0;0;0;0;0;0;0;0;0.513846416;0.256923208;1.284616041;0;0;0;1.027692833;0;0;0;0;0;0;0;0;1.027692833;0;0;0
Plantio;2012;0;0;0;0;0;0;0;0;0.151401937;1.816823238;0;0;0;0;0.151401937;0;1.211215492;0;0;0;0;0;0.45420581;0;0;0;0.605607746;0;0;0;0;0;0;0;0;0;0;0.151401937;0;0;0;0;0;0.45420581;0;0;0;0;0;0;0;0;0;2.725234857;6.056077461;0.757009683;0;0;0;0;0;0;0;0.605607746;0;0;0.151401937;0;0;0;0;0;0;0;0;0;0;0;0;0;0;0;0;0;0.45420581;0;0;0;0;0;0;0;0;0;0.605607746;0;0;0;0;0;0.151401937;0;0;0;0;0;0;0;0;0;0;0;0;0;0;0;0;0;0;0;0;0;0;0;0;0;0;0;0;0;0;0;0;0;0;0;0;0;0;0;0;0;0;0;0;0;0.302803873;0
Plantio;2013;0;0;0;1.64198647;0.985191882;0;0;0;0;0;0;0;0;0;0.985191882;0.328397294;6.56794588;0;0;0;0;0;0;0;0;0;0;0.328397294;0;0.328397294;0;0;0;0;0;0;0;0;0.328397294;0;0;0;0;2.298781058;0;0;0;0;0;0;0;0;7.553137762;7.224740468;1.970383764;0;0;0;0;0;0;0;0.328397294;0;0;0;0.328397294;0;0;0;0;0;0.328397294;0;0;0;0;0;0;0;0;0;0;0;2.627178352;0;0;0;0;0;0;0;0;0;0.328397294;0;0;0;0;0;2.955575646;1.313589176;0;0;0;0;0;0;0;0.328397294;0;0;0.328397294;0;0.656794588;0;0;0;0;0;0;0;0;0;0;0;0;0;0;0;0;0;0;0;0;0;0;0;0;0;0;0;0;0;0.328397294;0;0;0
Plantio;2014;0;0;0;0.190278873;1.712509858;0;0;0;0;0;0;0;0;0;0.380557746;1.141673239;4.756971827;0;0;0;0;0;0.380557746;0;0;0;0;0;0;0;0;0.190278873;0;0;0.380557746;0;0;0;2.093067604;0;0.761115492;0;0;0.190278873;0;0;0;0;0.570836619;0.190278873;0;0;1.141673239;5.51808732;0.380557746;2.093067604;0;0.190278873;0;0.190278873;0;0.380557746;0;0.570836619;0.190278873;0;0.190278873;0.190278873;0;0.380557746;0;0;0.761115492;0;0;0;0;0;0;0;0;0.190278873;0;0;0;0;0;0;0;0;0;0;0;0;0;0.380557746;0;0.190278873;0.190278873;0.190278873;0;0;0;0;0;0;0;0;0;0;0;0;0;0;0;0;0;0;0;0;0;0;0;0;0;0;0;0;0;0;0;0;0;0;0;0;0;0;0;0;0;0;0;0;0;0;0;0
Plantio;2015;0;0.360620895;0;0;0;0;0;0;0;0;0;0;0;0;0.180310448;0.180310448;1.622794029;0;0;0;0;0;0;0;0;0;0.180310448;0;0;0.360620895;0;0;0;0;0.180310448;0;0;0.540931343;3.606208954;0;0;0;0;1.983414925;0;0;0;0;1.442483582;0;0;0;0;5.048692536;0;1.442483582;0;0.180310448;0;0;0;0;0;0;0;0.180310448;0;0;0;0.360620895;0;0.180310448;0.180310448;0;0;0;2.163725373;0;0;0;0;0;0;0;1.622794029;0;0;0;0;0;0;0;0;0;0;0;0;0;0;0;0.360620895;0;0;0;0;0;0;0;0;0.540931343;0;0;0;0.180310448;0;0;0;0;0;0;0.180310448;0;0;0;0;0;0;0;0;0;0;0;0;0;0;0;0;0;0;0;0.180310448;0;0;0;0;0;0;0
Plantio;2016;0;0;0;0;0.376456295;0;0;0;0;2.070509625;0;0;0;0;0;0.752912591;3.952791102;0;0;0;0;0.376456295;0.376456295;0;0;0;0.752912591;0;0;0;0;0;0;0;0;0;0;0;1.129368886;0;3.952791102;0;0;0.564684443;0;0;0;0;0.188228148;0;0;0;0.376456295;2.635194068;0;1.694053329;0;0;0;0;0;0;0;0;0;0;0;0.376456295;0.564684443;0;0;0;0.564684443;0;0;0;0;0;0;0;0;0;0;0.376456295;0;0;0;8.093810352;0;0;0;0;0;0.188228148;0;0;0;0;0;0;0.941140739;0;0;0;0;0;0;0;0;0.188228148;0;0;0;0;0;0;0;0;0;0;0;0;0;0;0;0;0;0.376456295;0;0.188228148;0.188228148;0;0;0;0;0;0;0;0;0;0;0;0;0;0.752912591;0;0;0
Plantio;2017;0;0;0;0;0.365659439;0.548489158;0;0;0.365659439;1.462637756;0;0;0;0;0;0.182829719;6.033380743;0;0;0;0;0;0.548489158;0.548489158;0;0;0.182829719;0;0.365659439;0;0;0;0;0;0;0;0;0;0.365659439;0;0.365659439;0;0;0.182829719;0;0;0;0;0;0;0;0;0.182829719;0.182829719;0.914148597;3.290934951;0;0;0;0;0;0;0;0.182829719;0.548489158;0;0;0;0;0.182829719;0;0;0.365659439;0;0.182829719;0;0;0;0;0;0;0;0;0;1.279808036;0;0;0;0;0;0;0;0;0;0;0;0;0;0;0;0.914148597;0;0;0;0;0;0;0;0;0;0;0;0;0.182829719;0;0;0;0;0;0;0;0;0;0;0;0;0;0;0;0;0;0;0;0;0;0;0;0;0;0;0;0;0;0;1.645467475;0;0;0
Plantio;2018;0;0;0;1.418654034;1.01332431;0;0;0;0;0;0;0;0;0;0.405329724;0;0;0;0;0;0;0;0;0;0;0;0;0;0;0.607994586;0;0;0;0;0.405329724;0;0;0;0.202664862;0;0.607994586;0;0;5.06662155;0;0;0;0;0.810659448;0;0;0;0;5.674616136;4.255962102;3.647967516;0;0.405329724;0;0;0;0;0;0.405329724;0;0;0;0;0;0.810659448;0;0;0.202664862;0;0;0;0;0;0;0;0;0;0;0.405329724;0;0;0;0;0;0.202664862;0;0;0;0;0;0;0;0;0;0;0.607994586;0;0;0;0;0;0;0;0;0;0;0;0.202664862;0;0.405329724;0;0;0;0;0;0;0;0;0;0;0;0;0;0;0;0;0;0;0;0;0;0;0;0;0;0;0;0;0;0.202664862;0;0;0
Plantio;2019;0;0;0;0;0.437348912;0;0;0;0;0;0;0;0;0;0;0;1.093372279;0;0;0;0;0;0.437348912;0;0;0;0;0;0;0;0;0;0;0;0;0;0;0;2.186744559;0;0;0;0;0.656023368;0;0;0;0;0;0;0;0;0;6.560233676;1.312046735;0.874697823;0;0;0;0;0;0;0;0.874697823;0;0;0;0;0;0.437348912;0;0;0;0;0;0;0;0;0;0;0;0;0;0;0.874697823;0;0;0;0;0;0;0;0;0;0.437348912;0;0;0;0;0;0.656023368;0;0;0;0;0;0;0;0;0;0;0;0;0;0;0;0;0;0;0;0;0;0;0;0;0;0;0;0;0;0;0;0;0;0.218674456;0;0;0;0;0;0;0;0;0;3.280116838;0;0;0
Plantio;2021;0;0;0;0;0;0;0;0;0.761354008;0.253784669;1.268923346;0;0;0.253784669;0.253784669;0.507569338;2.537846692;0;0;0;0;0;0;0;0;0;0.507569338;0;0;0;0;0;0;0;0;0;0;0.253784669;2.030277354;0.507569338;0.253784669;0;0.253784669;0;0;0;0;0;0.253784669;0;0;0;0;0;4.568124046;0.507569338;0;0;0;0;0;0;0;0.761354008;0;0;0;0.253784669;0;0.761354008;0;0;0;0;0;0;0.253784669;0;0;0;0;0;0;0;0.507569338;0;0;0;0.761354008;0;0;0;0;0;0.253784669;0;0;0;0;0.507569338;0.253784669;0;0;0;0;0;0;0;0;0;0;0;0;0;0;0;0;0;0;0;0;0;0;0;0;0;0;0;0;0;0;0;0;0;0.253784669;0;0;0;0;0;0;0;0;0;0.761354008;0;0;0
Plantio;2022;0;0;0.250133758;0;0;0.500267517;0;0;0;1.250668791;1.50080255;0;0;0;2.001070066;1.750936308;1.000535033;0;0;0;0;0;1.250668791;0;0;0;0;0;0;0;0;0;0;0;0;0;0;0.500267517;1.50080255;0;0.250133758;0;0.250133758;0;0;0;0;0;0;0;0;0;0.250133758;0.750401275;13.00695543;0.500267517;0;0;0;0;0;0;0;0.250133758;0;0;0;0;0;0.250133758;0;0;0;0;0;0;0;0;0;0.250133758;0;0;0;0;0.250133758;0;0;0;1.000535033;0;0;0;0;0;1.000535033;0;0;0;0;0.250133758;0.750401275;0;0;0;0;0;0;0;0;0;0;0;0;0;0;0;0;0;0;0;0;0;0;0;0;0;0;0;0;0;0;0.250133758;0;0;0;0;0;0;0;0;0;0;0;0;0.500267517;0;0;0
